,Location,Year,Prisoners,Region
0,Alabama,1878,1,Southeast (US)
1,Alabama,1880,0,Southeast (US)
2,Alabama,1882,0,Southeast (US)
3,Alabama,1884,1,Southeast (US)
4,Alabama,1886,1,Southeast (US)
5,Alabama,1888,0,Southeast (US)
6,Alabama,1890,1,Southeast (US)
7,Alabama,1892,1,Southeast (US)
8,Alabama,1896,2,Southeast (US)
9,Alabama,1900,6,Southeast (US)
10,Alabama,1902,7,Southeast (US)
11,Alabama,1906,8,Southeast (US)
12,Alabama,1908,8,Southeast (US)
13,Alabama,1912,6,Southeast (US)
14,Alabama,1914,3,Southeast (US)
15,Alabama,1916,5,Southeast (US)
16,Alabama,1918,4,Southeast (US)
17,Alabama,1920,2,Southeast (US)
18,Alabama,1922,5,Southeast (US)
19,Alabama,1924,9,Southeast (US)
20,Alabama,1926,6,Southeast (US)
21,Alabama,1928,5,Southeast (US)
22,Alabama,1930,4,Southeast (US)
23,Alabama,1932,12,Southeast (US)
24,Alabama,1934,10,Southeast (US)
25,Alabama,1936,4,Southeast (US)
26,Alabama,1938,6,Southeast (US)
27,Alabama,1940,6,Southeast (US)
28,Alaska,1878,0,Alaska & Hawaii
29,Alaska,1880,0,Alaska & Hawaii
30,Alaska,1882,0,Alaska & Hawaii
31,Alaska,1884,0,Alaska & Hawaii
32,Alaska,1886,0,Alaska & Hawaii
33,Alaska,1888,0,Alaska & Hawaii
34,Alaska,1890,0,Alaska & Hawaii
35,Alaska,1892,0,Alaska & Hawaii
36,Alaska,1896,0,Alaska & Hawaii
37,Alaska,1900,0,Alaska & Hawaii
38,Alaska,1902,0,Alaska & Hawaii
39,Alaska,1906,0,Alaska & Hawaii
40,Alaska,1908,0,Alaska & Hawaii
41,Alaska,1912,0,Alaska & Hawaii
42,Alaska,1914,0,Alaska & Hawaii
43,Alaska,1916,1,Alaska & Hawaii
44,Alaska,1918,0,Alaska & Hawaii
45,Alaska,1920,0,Alaska & Hawaii
46,Alaska,1922,1,Alaska & Hawaii
47,Alaska,1924,0,Alaska & Hawaii
48,Alaska,1926,0,Alaska & Hawaii
49,Alaska,1928,0,Alaska & Hawaii
50,Alaska,1930,0,Alaska & Hawaii
51,Alaska,1932,0,Alaska & Hawaii
52,Alaska,1934,0,Alaska & Hawaii
53,Alaska,1936,0,Alaska & Hawaii
54,Alaska,1938,0,Alaska & Hawaii
55,Alaska,1940,0,Alaska & Hawaii
56,Arizona,1878,0,Southwest (US)
57,Arizona,1880,0,Southwest (US)
58,Arizona,1882,1,Southwest (US)
59,Arizona,1884,1,Southwest (US)
60,Arizona,1886,0,Southwest (US)
61,Arizona,1888,0,Southwest (US)
62,Arizona,1890,1,Southwest (US)
63,Arizona,1892,1,Southwest (US)
64,Arizona,1896,2,Southwest (US)
65,Arizona,1900,1,Southwest (US)
66,Arizona,1902,0,Southwest (US)
67,Arizona,1906,2,Southwest (US)
68,Arizona,1908,3,Southwest (US)
69,Arizona,1912,2,Southwest (US)
70,Arizona,1914,4,Southwest (US)
71,Arizona,1916,1,Southwest (US)
72,Arizona,1918,3,Southwest (US)
73,Arizona,1920,5,Southwest (US)
74,Arizona,1922,7,Southwest (US)
75,Arizona,1924,0,Southwest (US)
76,Arizona,1926,4,Southwest (US)
77,Arizona,1928,4,Southwest (US)
78,Arizona,1930,5,Southwest (US)
79,Arizona,1932,3,Southwest (US)
80,Arizona,1934,9,Southwest (US)
81,Arizona,1936,5,Southwest (US)
82,Arizona,1938,11,Southwest (US)
83,Arizona,1940,4,Southwest (US)
84,Arkansas,1878,0,Southeast (US)
85,Arkansas,1880,0,Southeast (US)
86,Arkansas,1882,1,Southeast (US)
87,Arkansas,1884,4,Southeast (US)
88,Arkansas,1886,2,Southeast (US)
89,Arkansas,1888,3,Southeast (US)
90,Arkansas,1890,1,Southeast (US)
91,Arkansas,1892,1,Southeast (US)
92,Arkansas,1896,1,Southeast (US)
93,Arkansas,1900,2,Southeast (US)
94,Arkansas,1902,2,Southeast (US)
95,Arkansas,1906,2,Southeast (US)
96,Arkansas,1908,4,Southeast (US)
97,Arkansas,1912,5,Southeast (US)
98,Arkansas,1914,9,Southeast (US)
99,Arkansas,1916,4,Southeast (US)
100,Arkansas,1918,7,Southeast (US)
101,Arkansas,1920,5,Southeast (US)
102,Arkansas,1922,10,Southeast (US)
103,Arkansas,1924,13,Southeast (US)
104,Arkansas,1926,11,Southeast (US)
105,Arkansas,1928,9,Southeast (US)
106,Arkansas,1930,15,Southeast (US)
107,Arkansas,1932,21,Southeast (US)
108,Arkansas,1934,13,Southeast (US)
109,Arkansas,1936,19,Southeast (US)
110,Arkansas,1938,15,Southeast (US)
111,Arkansas,1940,24,Southeast (US)
112,California,1878,1,Far West (US)
113,California,1880,1,Far West (US)
114,California,1882,5,Far West (US)
115,California,1884,2,Far West (US)
116,California,1886,3,Far West (US)
117,California,1888,5,Far West (US)
118,California,1890,3,Far West (US)
119,California,1892,12,Far West (US)
120,California,1896,9,Far West (US)
121,California,1900,13,Far West (US)
122,California,1902,9,Far West (US)
123,California,1906,4,Far West (US)
124,California,1908,11,Far West (US)
125,California,1912,14,Far West (US)
126,California,1914,9,Far West (US)
127,California,1916,14,Far West (US)
128,California,1918,5,Far West (US)
129,California,1920,6,Far West (US)
130,California,1922,11,Far West (US)
131,California,1924,8,Far West (US)
132,California,1926,9,Far West (US)
133,California,1928,17,Far West (US)
134,California,1930,15,Far West (US)
135,California,1932,10,Far West (US)
136,California,1934,13,Far West (US)
137,California,1936,20,Far West (US)
138,California,1938,15,Far West (US)
139,California,1940,6,Far West (US)
140,Colorado,1878,0,Rocky Mountain (US)
141,Colorado,1880,0,Rocky Mountain (US)
142,Colorado,1882,3,Rocky Mountain (US)
143,Colorado,1884,8,Rocky Mountain (US)
144,Colorado,1886,2,Rocky Mountain (US)
145,Colorado,1888,7,Rocky Mountain (US)
146,Colorado,1890,13,Rocky Mountain (US)
147,Colorado,1892,21,Rocky Mountain (US)
148,Colorado,1896,31,Rocky Mountain (US)
149,Colorado,1900,15,Rocky Mountain (US)
150,Colorado,1902,40,Rocky Mountain (US)
151,Colorado,1906,30,Rocky Mountain (US)
152,Colorado,1908,50,Rocky Mountain (US)
153,Colorado,1912,84,Rocky Mountain (US)
154,Colorado,1914,64,Rocky Mountain (US)
155,Colorado,1916,95,Rocky Mountain (US)
156,Colorado,1918,60,Rocky Mountain (US)
157,Colorado,1920,67,Rocky Mountain (US)
158,Colorado,1922,83,Rocky Mountain (US)
159,Colorado,1924,102,Rocky Mountain (US)
160,Colorado,1926,144,Rocky Mountain (US)
161,Colorado,1928,170,Rocky Mountain (US)
162,Colorado,1930,187,Rocky Mountain (US)
163,Colorado,1932,248,Rocky Mountain (US)
164,Colorado,1934,276,Rocky Mountain (US)
165,Colorado,1936,291,Rocky Mountain (US)
166,Colorado,1938,293,Rocky Mountain (US)
167,Colorado,1940,267,Rocky Mountain (US)
168,Connecticut,1878,0,New England (US)
169,Connecticut,1880,1,New England (US)
170,Connecticut,1882,3,New England (US)
171,Connecticut,1884,1,New England (US)
172,Connecticut,1886,3,New England (US)
173,Connecticut,1888,4,New England (US)
174,Connecticut,1890,6,New England (US)
175,Connecticut,1892,4,New England (US)
176,Connecticut,1896,2,New England (US)
177,Connecticut,1900,6,New England (US)
178,Connecticut,1902,3,New England (US)
179,Connecticut,1906,2,New England (US)
180,Connecticut,1908,5,New England (US)
181,Connecticut,1912,2,New England (US)
182,Connecticut,1914,4,New England (US)
183,Connecticut,1916,2,New England (US)
184,Connecticut,1918,2,New England (US)
185,Connecticut,1920,1,New England (US)
186,Connecticut,1922,1,New England (US)
187,Connecticut,1924,1,New England (US)
188,Connecticut,1926,2,New England (US)
189,Connecticut,1928,3,New England (US)
190,Connecticut,1930,2,New England (US)
191,Connecticut,1932,5,New England (US)
192,Connecticut,1934,2,New England (US)
193,Connecticut,1936,1,New England (US)
194,Connecticut,1938,4,New England (US)
195,Connecticut,1940,1,New England (US)
196,D.C.,1878,6,Mideast (US)
197,D.C.,1880,3,Mideast (US)
198,D.C.,1882,2,Mideast (US)
199,D.C.,1884,1,Mideast (US)
200,D.C.,1886,2,Mideast (US)
201,D.C.,1888,3,Mideast (US)
202,D.C.,1890,1,Mideast (US)
203,D.C.,1892,2,Mideast (US)
204,D.C.,1896,0,Mideast (US)
205,D.C.,1900,2,Mideast (US)
206,D.C.,1902,1,Mideast (US)
207,D.C.,1906,0,Mideast (US)
208,D.C.,1908,4,Mideast (US)
209,D.C.,1912,5,Mideast (US)
210,D.C.,1914,2,Mideast (US)
211,D.C.,1916,2,Mideast (US)
212,D.C.,1918,1,Mideast (US)
213,D.C.,1920,2,Mideast (US)
214,D.C.,1922,1,Mideast (US)
215,D.C.,1924,1,Mideast (US)
216,D.C.,1926,2,Mideast (US)
217,D.C.,1928,0,Mideast (US)
218,D.C.,1930,1,Mideast (US)
219,D.C.,1932,0,Mideast (US)
220,D.C.,1934,2,Mideast (US)
221,D.C.,1936,1,Mideast (US)
222,D.C.,1938,0,Mideast (US)
223,D.C.,1940,0,Mideast (US)
224,Delaware,1878,0,Mideast (US)
225,Delaware,1880,0,Mideast (US)
226,Delaware,1882,0,Mideast (US)
227,Delaware,1884,0,Mideast (US)
228,Delaware,1886,0,Mideast (US)
229,Delaware,1888,1,Mideast (US)
230,Delaware,1890,1,Mideast (US)
231,Delaware,1892,0,Mideast (US)
232,Delaware,1896,1,Mideast (US)
233,Delaware,1900,1,Mideast (US)
234,Delaware,1902,0,Mideast (US)
235,Delaware,1906,0,Mideast (US)
236,Delaware,1908,0,Mideast (US)
237,Delaware,1912,0,Mideast (US)
238,Delaware,1914,1,Mideast (US)
239,Delaware,1916,0,Mideast (US)
240,Delaware,1918,0,Mideast (US)
241,Delaware,1920,0,Mideast (US)
242,Delaware,1922,0,Mideast (US)
243,Delaware,1924,0,Mideast (US)
244,Delaware,1926,1,Mideast (US)
245,Delaware,1928,0,Mideast (US)
246,Delaware,1930,0,Mideast (US)
247,Delaware,1932,1,Mideast (US)
248,Delaware,1934,1,Mideast (US)
249,Delaware,1936,0,Mideast (US)
250,Delaware,1938,1,Mideast (US)
251,Delaware,1940,0,Mideast (US)
252,Florida,1878,0,Southeast (US)
253,Florida,1880,0,Southeast (US)
254,Florida,1882,2,Southeast (US)
255,Florida,1884,0,Southeast (US)
256,Florida,1886,0,Southeast (US)
257,Florida,1888,0,Southeast (US)
258,Florida,1890,0,Southeast (US)
259,Florida,1892,0,Southeast (US)
260,Florida,1896,0,Southeast (US)
261,Florida,1900,0,Southeast (US)
262,Florida,1902,1,Southeast (US)
263,Florida,1906,1,Southeast (US)
264,Florida,1908,0,Southeast (US)
265,Florida,1912,1,Southeast (US)
266,Florida,1914,1,Southeast (US)
267,Florida,1916,0,Southeast (US)
268,Florida,1918,0,Southeast (US)
269,Florida,1920,0,Southeast (US)
270,Florida,1922,1,Southeast (US)
271,Florida,1924,0,Southeast (US)
272,Florida,1926,1,Southeast (US)
273,Florida,1928,0,Southeast (US)
274,Florida,1930,4,Southeast (US)
275,Florida,1932,1,Southeast (US)
276,Florida,1934,3,Southeast (US)
277,Florida,1936,2,Southeast (US)
278,Florida,1938,6,Southeast (US)
279,Florida,1940,2,Southeast (US)
280,Georgia,1878,1,Southeast (US)
281,Georgia,1880,1,Southeast (US)
282,Georgia,1882,0,Southeast (US)
283,Georgia,1884,1,Southeast (US)
284,Georgia,1886,1,Southeast (US)
285,Georgia,1888,0,Southeast (US)
286,Georgia,1890,0,Southeast (US)
287,Georgia,1892,0,Southeast (US)
288,Georgia,1896,0,Southeast (US)
289,Georgia,1900,6,Southeast (US)
290,Georgia,1902,5,Southeast (US)
291,Georgia,1906,4,Southeast (US)
292,Georgia,1908,7,Southeast (US)
293,Georgia,1912,7,Southeast (US)
294,Georgia,1914,8,Southeast (US)
295,Georgia,1916,5,Southeast (US)
296,Georgia,1918,7,Southeast (US)
297,Georgia,1920,6,Southeast (US)
298,Georgia,1922,4,Southeast (US)
299,Georgia,1924,5,Southeast (US)
300,Georgia,1926,6,Southeast (US)
301,Georgia,1928,7,Southeast (US)
302,Georgia,1930,11,Southeast (US)
303,Georgia,1932,4,Southeast (US)
304,Georgia,1934,9,Southeast (US)
305,Georgia,1936,5,Southeast (US)
306,Georgia,1938,5,Southeast (US)
307,Georgia,1940,3,Southeast (US)
308,Hawaii,1878,0,Alaska & Hawaii
309,Hawaii,1880,0,Alaska & Hawaii
310,Hawaii,1882,0,Alaska & Hawaii
311,Hawaii,1884,0,Alaska & Hawaii
312,Hawaii,1886,0,Alaska & Hawaii
313,Hawaii,1888,0,Alaska & Hawaii
314,Hawaii,1890,0,Alaska & Hawaii
315,Hawaii,1892,0,Alaska & Hawaii
316,Hawaii,1896,0,Alaska & Hawaii
317,Hawaii,1900,0,Alaska & Hawaii
318,Hawaii,1902,0,Alaska & Hawaii
319,Hawaii,1906,0,Alaska & Hawaii
320,Hawaii,1908,0,Alaska & Hawaii
321,Hawaii,1912,1,Alaska & Hawaii
322,Hawaii,1914,1,Alaska & Hawaii
323,Hawaii,1916,0,Alaska & Hawaii
324,Hawaii,1918,0,Alaska & Hawaii
325,Hawaii,1920,0,Alaska & Hawaii
326,Hawaii,1922,0,Alaska & Hawaii
327,Hawaii,1924,1,Alaska & Hawaii
328,Hawaii,1926,0,Alaska & Hawaii
329,Hawaii,1928,0,Alaska & Hawaii
330,Hawaii,1930,0,Alaska & Hawaii
331,Hawaii,1932,1,Alaska & Hawaii
332,Hawaii,1934,1,Alaska & Hawaii
333,Hawaii,1936,0,Alaska & Hawaii
334,Hawaii,1938,0,Alaska & Hawaii
335,Hawaii,1940,0,Alaska & Hawaii
336,Idaho,1878,0,Rocky Mountain (US)
337,Idaho,1880,0,Rocky Mountain (US)
338,Idaho,1882,0,Rocky Mountain (US)
339,Idaho,1884,0,Rocky Mountain (US)
340,Idaho,1886,0,Rocky Mountain (US)
341,Idaho,1888,1,Rocky Mountain (US)
342,Idaho,1890,0,Rocky Mountain (US)
343,Idaho,1892,0,Rocky Mountain (US)
344,Idaho,1896,0,Rocky Mountain (US)
345,Idaho,1900,0,Rocky Mountain (US)
346,Idaho,1902,0,Rocky Mountain (US)
347,Idaho,1906,1,Rocky Mountain (US)
348,Idaho,1908,0,Rocky Mountain (US)
349,Idaho,1912,0,Rocky Mountain (US)
350,Idaho,1914,0,Rocky Mountain (US)
351,Idaho,1916,1,Rocky Mountain (US)
352,Idaho,1918,2,Rocky Mountain (US)
353,Idaho,1920,0,Rocky Mountain (US)
354,Idaho,1922,1,Rocky Mountain (US)
355,Idaho,1924,0,Rocky Mountain (US)
356,Idaho,1926,1,Rocky Mountain (US)
357,Idaho,1928,2,Rocky Mountain (US)
358,Idaho,1930,3,Rocky Mountain (US)
359,Idaho,1932,1,Rocky Mountain (US)
360,Idaho,1934,3,Rocky Mountain (US)
361,Idaho,1936,3,Rocky Mountain (US)
362,Idaho,1938,7,Rocky Mountain (US)
363,Idaho,1940,6,Rocky Mountain (US)
364,Illinois,1878,3,Great Lakes (US)
365,Illinois,1880,9,Great Lakes (US)
366,Illinois,1882,20,Great Lakes (US)
367,Illinois,1884,26,Great Lakes (US)
368,Illinois,1886,15,Great Lakes (US)
369,Illinois,1888,27,Great Lakes (US)
370,Illinois,1890,45,Great Lakes (US)
371,Illinois,1892,61,Great Lakes (US)
372,Illinois,1896,35,Great Lakes (US)
373,Illinois,1900,35,Great Lakes (US)
374,Illinois,1902,49,Great Lakes (US)
375,Illinois,1906,42,Great Lakes (US)
376,Illinois,1908,43,Great Lakes (US)
377,Illinois,1912,46,Great Lakes (US)
378,Illinois,1914,34,Great Lakes (US)
379,Illinois,1916,53,Great Lakes (US)
380,Illinois,1918,24,Great Lakes (US)
381,Illinois,1920,30,Great Lakes (US)
382,Illinois,1922,51,Great Lakes (US)
383,Illinois,1924,36,Great Lakes (US)
384,Illinois,1926,35,Great Lakes (US)
385,Illinois,1928,60,Great Lakes (US)
386,Illinois,1930,60,Great Lakes (US)
387,Illinois,1932,62,Great Lakes (US)
388,Illinois,1934,58,Great Lakes (US)
389,Illinois,1936,49,Great Lakes (US)
390,Illinois,1938,51,Great Lakes (US)
391,Illinois,1940,49,Great Lakes (US)
392,Indiana,1878,4,Great Lakes (US)
393,Indiana,1880,1,Great Lakes (US)
394,Indiana,1882,9,Great Lakes (US)
395,Indiana,1884,6,Great Lakes (US)
396,Indiana,1886,9,Great Lakes (US)
397,Indiana,1888,16,Great Lakes (US)
398,Indiana,1890,14,Great Lakes (US)
399,Indiana,1892,15,Great Lakes (US)
400,Indiana,1896,10,Great Lakes (US)
401,Indiana,1900,9,Great Lakes (US)
402,Indiana,1902,15,Great Lakes (US)
403,Indiana,1906,13,Great Lakes (US)
404,Indiana,1908,7,Great Lakes (US)
405,Indiana,1912,11,Great Lakes (US)
406,Indiana,1914,18,Great Lakes (US)
407,Indiana,1916,16,Great Lakes (US)
408,Indiana,1918,10,Great Lakes (US)
409,Indiana,1920,12,Great Lakes (US)
410,Indiana,1922,6,Great Lakes (US)
411,Indiana,1924,15,Great Lakes (US)
412,Indiana,1926,17,Great Lakes (US)
413,Indiana,1928,23,Great Lakes (US)
414,Indiana,1930,14,Great Lakes (US)
415,Indiana,1932,22,Great Lakes (US)
416,Indiana,1934,24,Great Lakes (US)
417,Indiana,1936,16,Great Lakes (US)
418,Indiana,1938,23,Great Lakes (US)
419,Indiana,1940,17,Great Lakes (US)
420,Iowa,1878,7,Plains (US)
421,Iowa,1880,8,Plains (US)
422,Iowa,1882,14,Plains (US)
423,Iowa,1884,10,Plains (US)
424,Iowa,1886,6,Plains (US)
425,Iowa,1888,5,Plains (US)
426,Iowa,1890,18,Plains (US)
427,Iowa,1892,34,Plains (US)
428,Iowa,1896,12,Plains (US)
429,Iowa,1900,22,Plains (US)
430,Iowa,1902,29,Plains (US)
431,Iowa,1906,21,Plains (US)
432,Iowa,1908,22,Plains (US)
433,Iowa,1912,25,Plains (US)
434,Iowa,1914,29,Plains (US)
435,Iowa,1916,24,Plains (US)
436,Iowa,1918,31,Plains (US)
437,Iowa,1920,24,Plains (US)
438,Iowa,1922,34,Plains (US)
439,Iowa,1924,22,Plains (US)
440,Iowa,1926,40,Plains (US)
441,Iowa,1928,37,Plains (US)
442,Iowa,1930,46,Plains (US)
443,Iowa,1932,40,Plains (US)
444,Iowa,1934,38,Plains (US)
445,Iowa,1936,40,Plains (US)
446,Iowa,1938,40,Plains (US)
447,Iowa,1940,25,Plains (US)
448,Kansas,1878,1,Plains (US)
449,Kansas,1880,2,Plains (US)
450,Kansas,1882,4,Plains (US)
451,Kansas,1884,6,Plains (US)
452,Kansas,1886,1,Plains (US)
453,Kansas,1888,7,Plains (US)
454,Kansas,1890,7,Plains (US)
455,Kansas,1892,13,Plains (US)
456,Kansas,1896,11,Plains (US)
457,Kansas,1900,11,Plains (US)
458,Kansas,1902,25,Plains (US)
459,Kansas,1906,25,Plains (US)
460,Kansas,1908,25,Plains (US)
461,Kansas,1912,27,Plains (US)
462,Kansas,1914,41,Plains (US)
463,Kansas,1916,35,Plains (US)
464,Kansas,1918,25,Plains (US)
465,Kansas,1920,38,Plains (US)
466,Kansas,1922,39,Plains (US)
467,Kansas,1924,33,Plains (US)
468,Kansas,1926,68,Plains (US)
469,Kansas,1928,70,Plains (US)
470,Kansas,1930,61,Plains (US)
471,Kansas,1932,102,Plains (US)
472,Kansas,1934,64,Plains (US)
473,Kansas,1936,62,Plains (US)
474,Kansas,1938,102,Plains (US)
475,Kansas,1940,108,Plains (US)
476,Kentucky,1878,2,Southeast (US)
477,Kentucky,1880,8,Southeast (US)
478,Kentucky,1882,9,Southeast (US)
479,Kentucky,1884,13,Southeast (US)
480,Kentucky,1886,13,Southeast (US)
481,Kentucky,1888,12,Southeast (US)
482,Kentucky,1890,14,Southeast (US)
483,Kentucky,1892,14,Southeast (US)
484,Kentucky,1896,15,Southeast (US)
485,Kentucky,1900,11,Southeast (US)
486,Kentucky,1902,24,Southeast (US)
487,Kentucky,1906,19,Southeast (US)
488,Kentucky,1908,21,Southeast (US)
489,Kentucky,1912,12,Southeast (US)
490,Kentucky,1914,20,Southeast (US)
491,Kentucky,1916,17,Southeast (US)
492,Kentucky,1918,7,Southeast (US)
493,Kentucky,1920,13,Southeast (US)
494,Kentucky,1922,16,Southeast (US)
495,Kentucky,1924,16,Southeast (US)
496,Kentucky,1926,22,Southeast (US)
497,Kentucky,1928,19,Southeast (US)
498,Kentucky,1930,14,Southeast (US)
499,Kentucky,1932,24,Southeast (US)
500,Kentucky,1934,16,Southeast (US)
501,Kentucky,1936,28,Southeast (US)
502,Kentucky,1938,22,Southeast (US)
503,Kentucky,1940,16,Southeast (US)
504,Louisiana,1878,2,Southeast (US)
505,Louisiana,1880,3,Southeast (US)
506,Louisiana,1882,1,Southeast (US)
507,Louisiana,1884,2,Southeast (US)
508,Louisiana,1886,2,Southeast (US)
509,Louisiana,1888,5,Southeast (US)
510,Louisiana,1890,2,Southeast (US)
511,Louisiana,1892,8,Southeast (US)
512,Louisiana,1896,7,Southeast (US)
513,Louisiana,1900,2,Southeast (US)
514,Louisiana,1902,9,Southeast (US)
515,Louisiana,1906,3,Southeast (US)
516,Louisiana,1908,2,Southeast (US)
517,Louisiana,1912,5,Southeast (US)
518,Louisiana,1914,7,Southeast (US)
519,Louisiana,1916,6,Southeast (US)
520,Louisiana,1918,2,Southeast (US)
521,Louisiana,1920,4,Southeast (US)
522,Louisiana,1922,7,Southeast (US)
523,Louisiana,1924,12,Southeast (US)
524,Louisiana,1926,13,Southeast (US)
525,Louisiana,1928,4,Southeast (US)
526,Louisiana,1930,5,Southeast (US)
527,Louisiana,1932,7,Southeast (US)
528,Louisiana,1934,6,Southeast (US)
529,Louisiana,1936,8,Southeast (US)
530,Louisiana,1938,6,Southeast (US)
531,Louisiana,1940,9,Southeast (US)
532,Maine,1878,0,New England (US)
533,Maine,1880,2,New England (US)
534,Maine,1882,3,New England (US)
535,Maine,1884,3,New England (US)
536,Maine,1886,0,New England (US)
537,Maine,1888,3,New England (US)
538,Maine,1890,1,New England (US)
539,Maine,1892,4,New England (US)
540,Maine,1896,3,New England (US)
541,Maine,1900,3,New England (US)
542,Maine,1902,4,New England (US)
543,Maine,1906,2,New England (US)
544,Maine,1908,8,New England (US)
545,Maine,1912,1,New England (US)
546,Maine,1914,1,New England (US)
547,Maine,1916,1,New England (US)
548,Maine,1918,0,New England (US)
549,Maine,1920,0,New England (US)
550,Maine,1922,0,New England (US)
551,Maine,1924,3,New England (US)
552,Maine,1926,0,New England (US)
553,Maine,1928,1,New England (US)
554,Maine,1930,3,New England (US)
555,Maine,1932,4,New England (US)
556,Maine,1934,5,New England (US)
557,Maine,1936,0,New England (US)
558,Maine,1938,2,New England (US)
559,Maine,1940,3,New England (US)
560,Maryland,1878,1,Mideast (US)
561,Maryland,1880,2,Mideast (US)
562,Maryland,1882,4,Mideast (US)
563,Maryland,1884,4,Mideast (US)
564,Maryland,1886,4,Mideast (US)
565,Maryland,1888,3,Mideast (US)
566,Maryland,1890,3,Mideast (US)
567,Maryland,1892,5,Mideast (US)
568,Maryland,1896,2,Mideast (US)
569,Maryland,1900,2,Mideast (US)
570,Maryland,1902,4,Mideast (US)
571,Maryland,1906,1,Mideast (US)
572,Maryland,1908,5,Mideast (US)
573,Maryland,1912,4,Mideast (US)
574,Maryland,1914,6,Mideast (US)
575,Maryland,1916,1,Mideast (US)
576,Maryland,1918,1,Mideast (US)
577,Maryland,1920,3,Mideast (US)
578,Maryland,1922,3,Mideast (US)
579,Maryland,1924,6,Mideast (US)
580,Maryland,1926,4,Mideast (US)
581,Maryland,1928,1,Mideast (US)
582,Maryland,1930,2,Mideast (US)
583,Maryland,1932,1,Mideast (US)
584,Maryland,1934,4,Mideast (US)
585,Maryland,1936,1,Mideast (US)
586,Maryland,1938,3,Mideast (US)
587,Maryland,1940,5,Mideast (US)
588,Massachusetts,1878,5,New England (US)
589,Massachusetts,1880,6,New England (US)
590,Massachusetts,1882,12,New England (US)
591,Massachusetts,1884,7,New England (US)
592,Massachusetts,1886,6,New England (US)
593,Massachusetts,1888,8,New England (US)
594,Massachusetts,1890,14,New England (US)
595,Massachusetts,1892,16,New England (US)
596,Massachusetts,1896,15,New England (US)
597,Massachusetts,1900,12,New England (US)
598,Massachusetts,1902,10,New England (US)
599,Massachusetts,1906,10,New England (US)
600,Massachusetts,1908,9,New England (US)
601,Massachusetts,1912,10,New England (US)
602,Massachusetts,1914,12,New England (US)
603,Massachusetts,1916,6,New England (US)
604,Massachusetts,1918,6,New England (US)
605,Massachusetts,1920,5,New England (US)
606,Massachusetts,1922,8,New England (US)
607,Massachusetts,1924,7,New England (US)
608,Massachusetts,1926,11,New England (US)
609,Massachusetts,1928,7,New England (US)
610,Massachusetts,1930,6,New England (US)
611,Massachusetts,1932,11,New England (US)
612,Massachusetts,1934,7,New England (US)
613,Massachusetts,1936,7,New England (US)
614,Massachusetts,1938,10,New England (US)
615,Massachusetts,1940,4,New England (US)
616,Michigan,1878,1,Great Lakes (US)
617,Michigan,1880,3,Great Lakes (US)
618,Michigan,1882,4,Great Lakes (US)
619,Michigan,1884,9,Great Lakes (US)
620,Michigan,1886,3,Great Lakes (US)
621,Michigan,1888,12,Great Lakes (US)
622,Michigan,1890,17,Great Lakes (US)
623,Michigan,1892,14,Great Lakes (US)
624,Michigan,1896,12,Great Lakes (US)
625,Michigan,1900,3,Great Lakes (US)
626,Michigan,1902,9,Great Lakes (US)
627,Michigan,1906,9,Great Lakes (US)
628,Michigan,1908,14,Great Lakes (US)
629,Michigan,1912,7,Great Lakes (US)
630,Michigan,1914,16,Great Lakes (US)
631,Michigan,1916,15,Great Lakes (US)
632,Michigan,1918,12,Great Lakes (US)
633,Michigan,1920,13,Great Lakes (US)
634,Michigan,1922,13,Great Lakes (US)
635,Michigan,1924,12,Great Lakes (US)
636,Michigan,1926,14,Great Lakes (US)
637,Michigan,1928,13,Great Lakes (US)
638,Michigan,1930,19,Great Lakes (US)
639,Michigan,1932,18,Great Lakes (US)
640,Michigan,1934,15,Great Lakes (US)
641,Michigan,1936,15,Great Lakes (US)
642,Michigan,1938,16,Great Lakes (US)
643,Michigan,1940,14,Great Lakes (US)
644,Minnesota,1878,1,Plains (US)
645,Minnesota,1880,0,Plains (US)
646,Minnesota,1882,2,Plains (US)
647,Minnesota,1884,4,Plains (US)
648,Minnesota,1886,2,Plains (US)
649,Minnesota,1888,0,Plains (US)
650,Minnesota,1890,2,Plains (US)
651,Minnesota,1892,5,Plains (US)
652,Minnesota,1896,2,Plains (US)
653,Minnesota,1900,0,Plains (US)
654,Minnesota,1902,2,Plains (US)
655,Minnesota,1906,10,Plains (US)
656,Minnesota,1908,4,Plains (US)
657,Minnesota,1912,9,Plains (US)
658,Minnesota,1914,7,Plains (US)
659,Minnesota,1916,6,Plains (US)
660,Minnesota,1918,1,Plains (US)
661,Minnesota,1920,3,Plains (US)
662,Minnesota,1922,4,Plains (US)
663,Minnesota,1924,8,Plains (US)
664,Minnesota,1926,6,Plains (US)
665,Minnesota,1928,7,Plains (US)
666,Minnesota,1930,15,Plains (US)
667,Minnesota,1932,10,Plains (US)
668,Minnesota,1934,14,Plains (US)
669,Minnesota,1936,7,Plains (US)
670,Minnesota,1938,8,Plains (US)
671,Minnesota,1940,10,Plains (US)
672,Mississippi,1878,0,Southeast (US)
673,Mississippi,1880,1,Southeast (US)
674,Mississippi,1882,1,Southeast (US)
675,Mississippi,1884,2,Southeast (US)
676,Mississippi,1886,4,Southeast (US)
677,Mississippi,1888,1,Southeast (US)
678,Mississippi,1890,5,Southeast (US)
679,Mississippi,1892,4,Southeast (US)
680,Mississippi,1896,3,Southeast (US)
681,Mississippi,1900,1,Southeast (US)
682,Mississippi,1902,6,Southeast (US)
683,Mississippi,1906,6,Southeast (US)
684,Mississippi,1908,4,Southeast (US)
685,Mississippi,1912,2,Southeast (US)
686,Mississippi,1914,3,Southeast (US)
687,Mississippi,1916,3,Southeast (US)
688,Mississippi,1918,2,Southeast (US)
689,Mississippi,1920,2,Southeast (US)
690,Mississippi,1922,4,Southeast (US)
691,Mississippi,1924,5,Southeast (US)
692,Mississippi,1926,3,Southeast (US)
693,Mississippi,1928,1,Southeast (US)
694,Mississippi,1930,7,Southeast (US)
695,Mississippi,1932,11,Southeast (US)
696,Mississippi,1934,7,Southeast (US)
697,Mississippi,1936,8,Southeast (US)
698,Mississippi,1938,2,Southeast (US)
699,Mississippi,1940,5,Southeast (US)
700,Missouri,1878,13,Plains (US)
701,Missouri,1880,15,Plains (US)
702,Missouri,1882,22,Plains (US)
703,Missouri,1884,28,Plains (US)
704,Missouri,1886,18,Plains (US)
705,Missouri,1888,24,Plains (US)
706,Missouri,1890,44,Plains (US)
707,Missouri,1892,45,Plains (US)
708,Missouri,1896,45,Plains (US)
709,Missouri,1900,31,Plains (US)
710,Missouri,1902,42,Plains (US)
711,Missouri,1906,40,Plains (US)
712,Missouri,1908,46,Plains (US)
713,Missouri,1912,37,Plains (US)
714,Missouri,1914,50,Plains (US)
715,Missouri,1916,51,Plains (US)
716,Missouri,1918,30,Plains (US)
717,Missouri,1920,46,Plains (US)
718,Missouri,1922,66,Plains (US)
719,Missouri,1924,57,Plains (US)
720,Missouri,1926,82,Plains (US)
721,Missouri,1928,83,Plains (US)
722,Missouri,1930,83,Plains (US)
723,Missouri,1932,115,Plains (US)
724,Missouri,1934,83,Plains (US)
725,Missouri,1936,86,Plains (US)
726,Missouri,1938,113,Plains (US)
727,Missouri,1940,83,Plains (US)
728,Montana,1878,0,Rocky Mountain (US)
729,Montana,1880,0,Rocky Mountain (US)
730,Montana,1882,0,Rocky Mountain (US)
731,Montana,1884,0,Rocky Mountain (US)
732,Montana,1886,1,Rocky Mountain (US)
733,Montana,1888,0,Rocky Mountain (US)
734,Montana,1890,0,Rocky Mountain (US)
735,Montana,1892,0,Rocky Mountain (US)
736,Montana,1896,0,Rocky Mountain (US)
737,Montana,1900,1,Rocky Mountain (US)
738,Montana,1902,2,Rocky Mountain (US)
739,Montana,1906,1,Rocky Mountain (US)
740,Montana,1908,1,Rocky Mountain (US)
741,Montana,1912,3,Rocky Mountain (US)
742,Montana,1914,1,Rocky Mountain (US)
743,Montana,1916,2,Rocky Mountain (US)
744,Montana,1918,3,Rocky Mountain (US)
745,Montana,1920,3,Rocky Mountain (US)
746,Montana,1922,5,Rocky Mountain (US)
747,Montana,1924,3,Rocky Mountain (US)
748,Montana,1926,5,Rocky Mountain (US)
749,Montana,1928,1,Rocky Mountain (US)
750,Montana,1930,1,Rocky Mountain (US)
751,Montana,1932,5,Rocky Mountain (US)
752,Montana,1934,6,Rocky Mountain (US)
753,Montana,1936,7,Rocky Mountain (US)
754,Montana,1938,7,Rocky Mountain (US)
755,Montana,1940,6,Rocky Mountain (US)
756,Nebraska,1878,1,Plains (US)
757,Nebraska,1880,1,Plains (US)
758,Nebraska,1882,1,Plains (US)
759,Nebraska,1884,2,Plains (US)
760,Nebraska,1886,0,Plains (US)
761,Nebraska,1888,1,Plains (US)
762,Nebraska,1890,11,Plains (US)
763,Nebraska,1892,13,Plains (US)
764,Nebraska,1896,4,Plains (US)
765,Nebraska,1900,4,Plains (US)
766,Nebraska,1902,6,Plains (US)
767,Nebraska,1906,9,Plains (US)
768,Nebraska,1908,9,Plains (US)
769,Nebraska,1912,17,Plains (US)
770,Nebraska,1914,10,Plains (US)
771,Nebraska,1916,12,Plains (US)
772,Nebraska,1918,10,Plains (US)
773,Nebraska,1920,12,Plains (US)
774,Nebraska,1922,26,Plains (US)
775,Nebraska,1924,24,Plains (US)
776,Nebraska,1926,34,Plains (US)
777,Nebraska,1928,46,Plains (US)
778,Nebraska,1930,40,Plains (US)
779,Nebraska,1932,40,Plains (US)
780,Nebraska,1934,58,Plains (US)
781,Nebraska,1936,57,Plains (US)
782,Nebraska,1938,62,Plains (US)
783,Nebraska,1940,61,Plains (US)
784,Nevada,1878,0,Far West (US)
785,Nevada,1880,0,Far West (US)
786,Nevada,1882,0,Far West (US)
787,Nevada,1884,0,Far West (US)
788,Nevada,1886,0,Far West (US)
789,Nevada,1888,1,Far West (US)
790,Nevada,1890,0,Far West (US)
791,Nevada,1892,2,Far West (US)
792,Nevada,1896,0,Far West (US)
793,Nevada,1900,0,Far West (US)
794,Nevada,1902,0,Far West (US)
795,Nevada,1906,0,Far West (US)
796,Nevada,1908,0,Far West (US)
797,Nevada,1912,0,Far West (US)
798,Nevada,1914,1,Far West (US)
799,Nevada,1916,1,Far West (US)
800,Nevada,1918,0,Far West (US)
801,Nevada,1920,0,Far West (US)
802,Nevada,1922,1,Far West (US)
803,Nevada,1924,1,Far West (US)
804,Nevada,1926,1,Far West (US)
805,Nevada,1928,1,Far West (US)
806,Nevada,1930,2,Far West (US)
807,Nevada,1932,2,Far West (US)
808,Nevada,1934,1,Far West (US)
809,Nevada,1936,1,Far West (US)
810,Nevada,1938,0,Far West (US)
811,Nevada,1940,0,Far West (US)
812,New Hampshire,1878,0,New England (US)
813,New Hampshire,1880,0,New England (US)
814,New Hampshire,1882,0,New England (US)
815,New Hampshire,1884,2,New England (US)
816,New Hampshire,1886,1,New England (US)
817,New Hampshire,1888,1,New England (US)
818,New Hampshire,1890,0,New England (US)
819,New Hampshire,1892,0,New England (US)
820,New Hampshire,1896,0,New England (US)
821,New Hampshire,1900,0,New England (US)
822,New Hampshire,1902,5,New England (US)
823,New Hampshire,1906,0,New England (US)
824,New Hampshire,1908,0,New England (US)
825,New Hampshire,1912,0,New England (US)
826,New Hampshire,1914,2,New England (US)
827,New Hampshire,1916,1,New England (US)
828,New Hampshire,1918,0,New England (US)
829,New Hampshire,1920,1,New England (US)
830,New Hampshire,1922,0,New England (US)
831,New Hampshire,1924,1,New England (US)
832,New Hampshire,1926,1,New England (US)
833,New Hampshire,1928,0,New England (US)
834,New Hampshire,1930,0,New England (US)
835,New Hampshire,1932,0,New England (US)
836,New Hampshire,1934,1,New England (US)
837,New Hampshire,1936,0,New England (US)
838,New Hampshire,1938,0,New England (US)
839,New Hampshire,1940,0,New England (US)
840,New Jersey,1878,0,Mideast (US)
841,New Jersey,1880,2,Mideast (US)
842,New Jersey,1882,1,Mideast (US)
843,New Jersey,1884,0,Mideast (US)
844,New Jersey,1886,1,Mideast (US)
845,New Jersey,1888,7,Mideast (US)
846,New Jersey,1890,11,Mideast (US)
847,New Jersey,1892,11,Mideast (US)
848,New Jersey,1896,8,Mideast (US)
849,New Jersey,1900,4,Mideast (US)
850,New Jersey,1902,2,Mideast (US)
851,New Jersey,1906,3,Mideast (US)
852,New Jersey,1908,3,Mideast (US)
853,New Jersey,1912,2,Mideast (US)
854,New Jersey,1914,4,Mideast (US)
855,New Jersey,1916,5,Mideast (US)
856,New Jersey,1918,4,Mideast (US)
857,New Jersey,1920,4,Mideast (US)
858,New Jersey,1922,1,Mideast (US)
859,New Jersey,1924,5,Mideast (US)
860,New Jersey,1926,4,Mideast (US)
861,New Jersey,1928,3,Mideast (US)
862,New Jersey,1930,0,Mideast (US)
863,New Jersey,1932,4,Mideast (US)
864,New Jersey,1934,5,Mideast (US)
865,New Jersey,1936,1,Mideast (US)
866,New Jersey,1938,4,Mideast (US)
867,New Jersey,1940,2,Mideast (US)
868,New Mexico,1878,3,Southwest (US)
869,New Mexico,1880,2,Southwest (US)
870,New Mexico,1882,7,Southwest (US)
871,New Mexico,1884,10,Southwest (US)
872,New Mexico,1886,5,Southwest (US)
873,New Mexico,1888,3,Southwest (US)
874,New Mexico,1890,11,Southwest (US)
875,New Mexico,1892,7,Southwest (US)
876,New Mexico,1896,4,Southwest (US)
877,New Mexico,1900,10,Southwest (US)
878,New Mexico,1902,10,Southwest (US)
879,New Mexico,1906,13,Southwest (US)
880,New Mexico,1908,17,Southwest (US)
881,New Mexico,1912,17,Southwest (US)
882,New Mexico,1914,14,Southwest (US)
883,New Mexico,1916,25,Southwest (US)
884,New Mexico,1918,18,Southwest (US)
885,New Mexico,1920,20,Southwest (US)
886,New Mexico,1922,32,Southwest (US)
887,New Mexico,1924,30,Southwest (US)
888,New Mexico,1926,49,Southwest (US)
889,New Mexico,1928,54,Southwest (US)
890,New Mexico,1930,65,Southwest (US)
891,New Mexico,1932,65,Southwest (US)
892,New Mexico,1934,97,Southwest (US)
893,New Mexico,1936,68,Southwest (US)
894,New Mexico,1938,85,Southwest (US)
895,New Mexico,1940,99,Southwest (US)
896,New York,1878,20,Mideast (US)
897,New York,1880,36,Mideast (US)
898,New York,1882,51,Mideast (US)
899,New York,1884,50,Mideast (US)
900,New York,1886,41,Mideast (US)
901,New York,1888,55,Mideast (US)
902,New York,1890,58,Mideast (US)
903,New York,1892,81,Mideast (US)
904,New York,1896,53,Mideast (US)
905,New York,1900,28,Mideast (US)
906,New York,1902,32,Mideast (US)
907,New York,1906,29,Mideast (US)
908,New York,1908,29,Mideast (US)
909,New York,1912,34,Mideast (US)
910,New York,1914,30,Mideast (US)
911,New York,1916,36,Mideast (US)
912,New York,1918,18,Mideast (US)
913,New York,1920,16,Mideast (US)
914,New York,1922,24,Mideast (US)
915,New York,1924,30,Mideast (US)
916,New York,1926,26,Mideast (US)
917,New York,1928,29,Mideast (US)
918,New York,1930,29,Mideast (US)
919,New York,1932,30,Mideast (US)
920,New York,1934,23,Mideast (US)
921,New York,1936,23,Mideast (US)
922,New York,1938,23,Mideast (US)
923,New York,1940,25,Mideast (US)
924,North Carolina,1878,1,Southeast (US)
925,North Carolina,1880,1,Southeast (US)
926,North Carolina,1882,3,Southeast (US)
927,North Carolina,1884,1,Southeast (US)
928,North Carolina,1886,1,Southeast (US)
929,North Carolina,1888,3,Southeast (US)
930,North Carolina,1890,0,Southeast (US)
931,North Carolina,1892,3,Southeast (US)
932,North Carolina,1896,3,Southeast (US)
933,North Carolina,1900,0,Southeast (US)
934,North Carolina,1902,4,Southeast (US)
935,North Carolina,1906,0,Southeast (US)
936,North Carolina,1908,6,Southeast (US)
937,North Carolina,1912,2,Southeast (US)
938,North Carolina,1914,6,Southeast (US)
939,North Carolina,1916,3,Southeast (US)
940,North Carolina,1918,4,Southeast (US)
941,North Carolina,1920,2,Southeast (US)
942,North Carolina,1922,2,Southeast (US)
943,North Carolina,1924,3,Southeast (US)
944,North Carolina,1926,6,Southeast (US)
945,North Carolina,1928,8,Southeast (US)
946,North Carolina,1930,5,Southeast (US)
947,North Carolina,1932,11,Southeast (US)
948,North Carolina,1934,8,Southeast (US)
949,North Carolina,1936,3,Southeast (US)
950,North Carolina,1938,1,Southeast (US)
951,North Carolina,1940,7,Southeast (US)
952,North Dakota,1878,0,Plains (US)
953,North Dakota,1880,0,Plains (US)
954,North Dakota,1882,0,Plains (US)
955,North Dakota,1884,0,Plains (US)
956,North Dakota,1886,0,Plains (US)
957,North Dakota,1888,0,Plains (US)
958,North Dakota,1890,0,Plains (US)
959,North Dakota,1892,0,Plains (US)
960,North Dakota,1896,0,Plains (US)
961,North Dakota,1900,0,Plains (US)
962,North Dakota,1902,0,Plains (US)
963,North Dakota,1906,0,Plains (US)
964,North Dakota,1908,0,Plains (US)
965,North Dakota,1912,0,Plains (US)
966,North Dakota,1914,0,Plains (US)
967,North Dakota,1916,0,Plains (US)
968,North Dakota,1918,1,Plains (US)
969,North Dakota,1920,0,Plains (US)
970,North Dakota,1922,2,Plains (US)
971,North Dakota,1924,2,Plains (US)
972,North Dakota,1926,1,Plains (US)
973,North Dakota,1928,3,Plains (US)
974,North Dakota,1930,1,Plains (US)
975,North Dakota,1932,5,Plains (US)
976,North Dakota,1934,3,Plains (US)
977,North Dakota,1936,1,Plains (US)
978,North Dakota,1938,1,Plains (US)
979,North Dakota,1940,2,Plains (US)
980,Ohio,1878,8,Great Lakes (US)
981,Ohio,1880,14,Great Lakes (US)
982,Ohio,1882,21,Great Lakes (US)
983,Ohio,1884,24,Great Lakes (US)
984,Ohio,1886,20,Great Lakes (US)
985,Ohio,1888,21,Great Lakes (US)
986,Ohio,1890,36,Great Lakes (US)
987,Ohio,1892,49,Great Lakes (US)
988,Ohio,1896,27,Great Lakes (US)
989,Ohio,1900,20,Great Lakes (US)
990,Ohio,1902,20,Great Lakes (US)
991,Ohio,1906,29,Great Lakes (US)
992,Ohio,1908,26,Great Lakes (US)
993,Ohio,1912,22,Great Lakes (US)
994,Ohio,1914,30,Great Lakes (US)
995,Ohio,1916,18,Great Lakes (US)
996,Ohio,1918,11,Great Lakes (US)
997,Ohio,1920,9,Great Lakes (US)
998,Ohio,1922,24,Great Lakes (US)
999,Ohio,1924,27,Great Lakes (US)
1000,Ohio,1926,21,Great Lakes (US)
1001,Ohio,1928,28,Great Lakes (US)
1002,Ohio,1930,24,Great Lakes (US)
1003,Ohio,1932,30,Great Lakes (US)
1004,Ohio,1934,26,Great Lakes (US)
1005,Ohio,1936,27,Great Lakes (US)
1006,Ohio,1938,25,Great Lakes (US)
1007,Ohio,1940,17,Great Lakes (US)
1008,Oklahoma,1878,0,Southwest (US)
1009,Oklahoma,1880,0,Southwest (US)
1010,Oklahoma,1882,0,Southwest (US)
1011,Oklahoma,1884,0,Southwest (US)
1012,Oklahoma,1886,0,Southwest (US)
1013,Oklahoma,1888,0,Southwest (US)
1014,Oklahoma,1890,0,Southwest (US)
1015,Oklahoma,1892,0,Southwest (US)
1016,Oklahoma,1896,0,Southwest (US)
1017,Oklahoma,1900,0,Southwest (US)
1018,Oklahoma,1902,0,Southwest (US)
1019,Oklahoma,1906,0,Southwest (US)
1020,Oklahoma,1908,2,Southwest (US)
1021,Oklahoma,1912,8,Southwest (US)
1022,Oklahoma,1914,3,Southwest (US)
1023,Oklahoma,1916,11,Southwest (US)
1024,Oklahoma,1918,3,Southwest (US)
1025,Oklahoma,1920,11,Southwest (US)
1026,Oklahoma,1922,21,Southwest (US)
1027,Oklahoma,1924,23,Southwest (US)
1028,Oklahoma,1926,24,Southwest (US)
1029,Oklahoma,1928,41,Southwest (US)
1030,Oklahoma,1930,35,Southwest (US)
1031,Oklahoma,1932,60,Southwest (US)
1032,Oklahoma,1934,55,Southwest (US)
1033,Oklahoma,1936,48,Southwest (US)
1034,Oklahoma,1938,77,Southwest (US)
1035,Oklahoma,1940,74,Southwest (US)
1036,Oregon,1878,0,Far West (US)
1037,Oregon,1880,0,Far West (US)
1038,Oregon,1882,0,Far West (US)
1039,Oregon,1884,1,Far West (US)
1040,Oregon,1886,0,Far West (US)
1041,Oregon,1888,0,Far West (US)
1042,Oregon,1890,1,Far West (US)
1043,Oregon,1892,2,Far West (US)
1044,Oregon,1896,1,Far West (US)
1045,Oregon,1900,2,Far West (US)
1046,Oregon,1902,1,Far West (US)
1047,Oregon,1906,0,Far West (US)
1048,Oregon,1908,0,Far West (US)
1049,Oregon,1912,2,Far West (US)
1050,Oregon,1914,2,Far West (US)
1051,Oregon,1916,5,Far West (US)
1052,Oregon,1918,0,Far West (US)
1053,Oregon,1920,3,Far West (US)
1054,Oregon,1922,5,Far West (US)
1055,Oregon,1924,0,Far West (US)
1056,Oregon,1926,4,Far West (US)
1057,Oregon,1928,2,Far West (US)
1058,Oregon,1930,1,Far West (US)
1059,Oregon,1932,2,Far West (US)
1060,Oregon,1934,3,Far West (US)
1061,Oregon,1936,7,Far West (US)
1062,Oregon,1938,3,Far West (US)
1063,Oregon,1940,0,Far West (US)
1064,Pennsylvania,1878,6,Mideast (US)
1065,Pennsylvania,1880,23,Mideast (US)
1066,Pennsylvania,1882,24,Mideast (US)
1067,Pennsylvania,1884,20,Mideast (US)
1068,Pennsylvania,1886,27,Mideast (US)
1069,Pennsylvania,1888,29,Mideast (US)
1070,Pennsylvania,1890,42,Mideast (US)
1071,Pennsylvania,1892,52,Mideast (US)
1072,Pennsylvania,1896,29,Mideast (US)
1073,Pennsylvania,1900,11,Mideast (US)
1074,Pennsylvania,1902,32,Mideast (US)
1075,Pennsylvania,1906,23,Mideast (US)
1076,Pennsylvania,1908,20,Mideast (US)
1077,Pennsylvania,1912,35,Mideast (US)
1078,Pennsylvania,1914,39,Mideast (US)
1079,Pennsylvania,1916,23,Mideast (US)
1080,Pennsylvania,1918,11,Mideast (US)
1081,Pennsylvania,1920,8,Mideast (US)
1082,Pennsylvania,1922,20,Mideast (US)
1083,Pennsylvania,1924,19,Mideast (US)
1084,Pennsylvania,1926,24,Mideast (US)
1085,Pennsylvania,1928,28,Mideast (US)
1086,Pennsylvania,1930,22,Mideast (US)
1087,Pennsylvania,1932,26,Mideast (US)
1088,Pennsylvania,1934,33,Mideast (US)
1089,Pennsylvania,1936,18,Mideast (US)
1090,Pennsylvania,1938,25,Mideast (US)
1091,Pennsylvania,1940,18,Mideast (US)
1092,Rhode Island,1878,0,New England (US)
1093,Rhode Island,1880,1,New England (US)
1094,Rhode Island,1882,3,New England (US)
1095,Rhode Island,1884,5,New England (US)
1096,Rhode Island,1886,1,New England (US)
1097,Rhode Island,1888,1,New England (US)
1098,Rhode Island,1890,3,New England (US)
1099,Rhode Island,1892,1,New England (US)
1100,Rhode Island,1896,1,New England (US)
1101,Rhode Island,1900,1,New England (US)
1102,Rhode Island,1902,0,New England (US)
1103,Rhode Island,1906,1,New England (US)
1104,Rhode Island,1908,1,New England (US)
1105,Rhode Island,1912,0,New England (US)
1106,Rhode Island,1914,3,New England (US)
1107,Rhode Island,1916,0,New England (US)
1108,Rhode Island,1918,0,New England (US)
1109,Rhode Island,1920,1,New England (US)
1110,Rhode Island,1922,0,New England (US)
1111,Rhode Island,1924,1,New England (US)
1112,Rhode Island,1926,1,New England (US)
1113,Rhode Island,1928,1,New England (US)
1114,Rhode Island,1930,3,New England (US)
1115,Rhode Island,1932,2,New England (US)
1116,Rhode Island,1934,1,New England (US)
1117,Rhode Island,1936,1,New England (US)
1118,Rhode Island,1938,0,New England (US)
1119,Rhode Island,1940,2,New England (US)
1120,South Carolina,1878,0,Southeast (US)
1121,South Carolina,1880,1,Southeast (US)
1122,South Carolina,1882,1,Southeast (US)
1123,South Carolina,1884,1,Southeast (US)
1124,South Carolina,1886,1,Southeast (US)
1125,South Carolina,1888,1,Southeast (US)
1126,South Carolina,1890,2,Southeast (US)
1127,South Carolina,1892,0,Southeast (US)
1128,South Carolina,1896,0,Southeast (US)
1129,South Carolina,1900,1,Southeast (US)
1130,South Carolina,1902,2,Southeast (US)
1131,South Carolina,1906,0,Southeast (US)
1132,South Carolina,1908,0,Southeast (US)
1133,South Carolina,1912,1,Southeast (US)
1134,South Carolina,1914,1,Southeast (US)
1135,South Carolina,1916,0,Southeast (US)
1136,South Carolina,1918,0,Southeast (US)
1137,South Carolina,1920,0,Southeast (US)
1138,South Carolina,1922,1,Southeast (US)
1139,South Carolina,1924,2,Southeast (US)
1140,South Carolina,1926,2,Southeast (US)
1141,South Carolina,1928,0,Southeast (US)
1142,South Carolina,1930,0,Southeast (US)
1143,South Carolina,1932,0,Southeast (US)
1144,South Carolina,1934,1,Southeast (US)
1145,South Carolina,1936,2,Southeast (US)
1146,South Carolina,1938,6,Southeast (US)
1147,South Carolina,1940,3,Southeast (US)
1148,South Dakota,1878,0,Plains (US)
1149,South Dakota,1880,0,Plains (US)
1150,South Dakota,1882,0,Plains (US)
1151,South Dakota,1884,0,Plains (US)
1152,South Dakota,1886,0,Plains (US)
1153,South Dakota,1888,0,Plains (US)
1154,South Dakota,1890,0,Plains (US)
1155,South Dakota,1892,0,Plains (US)
1156,South Dakota,1896,0,Plains (US)
1157,South Dakota,1900,0,Plains (US)
1158,South Dakota,1902,0,Plains (US)
1159,South Dakota,1906,6,Plains (US)
1160,South Dakota,1908,0,Plains (US)
1161,South Dakota,1912,1,Plains (US)
1162,South Dakota,1914,2,Plains (US)
1163,South Dakota,1916,6,Plains (US)
1164,South Dakota,1918,0,Plains (US)
1165,South Dakota,1920,1,Plains (US)
1166,South Dakota,1922,0,Plains (US)
1167,South Dakota,1924,2,Plains (US)
1168,South Dakota,1926,4,Plains (US)
1169,South Dakota,1928,7,Plains (US)
1170,South Dakota,1930,8,Plains (US)
1171,South Dakota,1932,7,Plains (US)
1172,South Dakota,1934,5,Plains (US)
1173,South Dakota,1936,6,Plains (US)
1174,South Dakota,1938,0,Plains (US)
1175,South Dakota,1940,7,Plains (US)
1176,Tennessee,1878,1,Southeast (US)
1177,Tennessee,1880,2,Southeast (US)
1178,Tennessee,1882,2,Southeast (US)
1179,Tennessee,1884,4,Southeast (US)
1180,Tennessee,1886,6,Southeast (US)
1181,Tennessee,1888,7,Southeast (US)
1182,Tennessee,1890,8,Southeast (US)
1183,Tennessee,1892,8,Southeast (US)
1184,Tennessee,1896,7,Southeast (US)
1185,Tennessee,1900,7,Southeast (US)
1186,Tennessee,1902,13,Southeast (US)
1187,Tennessee,1906,13,Southeast (US)
1188,Tennessee,1908,17,Southeast (US)
1189,Tennessee,1912,15,Southeast (US)
1190,Tennessee,1914,15,Southeast (US)
1191,Tennessee,1916,12,Southeast (US)
1192,Tennessee,1918,10,Southeast (US)
1193,Tennessee,1920,7,Southeast (US)
1194,Tennessee,1922,13,Southeast (US)
1195,Tennessee,1924,10,Southeast (US)
1196,Tennessee,1926,13,Southeast (US)
1197,Tennessee,1928,12,Southeast (US)
1198,Tennessee,1930,8,Southeast (US)
1199,Tennessee,1932,18,Southeast (US)
1200,Tennessee,1934,15,Southeast (US)
1201,Tennessee,1936,13,Southeast (US)
1202,Tennessee,1938,13,Southeast (US)
1203,Tennessee,1940,18,Southeast (US)
1204,Texas,1878,1,Southwest (US)
1205,Texas,1880,4,Southwest (US)
1206,Texas,1882,4,Southwest (US)
1207,Texas,1884,6,Southwest (US)
1208,Texas,1886,8,Southwest (US)
1209,Texas,1888,6,Southwest (US)
1210,Texas,1890,18,Southwest (US)
1211,Texas,1892,8,Southwest (US)
1212,Texas,1896,20,Southwest (US)
1213,Texas,1900,4,Southwest (US)
1214,Texas,1902,11,Southwest (US)
1215,Texas,1906,15,Southwest (US)
1216,Texas,1908,12,Southwest (US)
1217,Texas,1912,26,Southwest (US)
1218,Texas,1914,35,Southwest (US)
1219,Texas,1916,24,Southwest (US)
1220,Texas,1918,13,Southwest (US)
1221,Texas,1920,16,Southwest (US)
1222,Texas,1922,39,Southwest (US)
1223,Texas,1924,46,Southwest (US)
1224,Texas,1926,47,Southwest (US)
1225,Texas,1928,52,Southwest (US)
1226,Texas,1930,37,Southwest (US)
1227,Texas,1932,49,Southwest (US)
1228,Texas,1934,53,Southwest (US)
1229,Texas,1936,63,Southwest (US)
1230,Texas,1938,66,Southwest (US)
1231,Texas,1940,43,Southwest (US)
1232,Utah,1878,0,Rocky Mountain (US)
1233,Utah,1880,0,Rocky Mountain (US)
1234,Utah,1882,1,Rocky Mountain (US)
1235,Utah,1884,1,Rocky Mountain (US)
1236,Utah,1886,1,Rocky Mountain (US)
1237,Utah,1888,0,Rocky Mountain (US)
1238,Utah,1890,1,Rocky Mountain (US)
1239,Utah,1892,2,Rocky Mountain (US)
1240,Utah,1896,1,Rocky Mountain (US)
1241,Utah,1900,0,Rocky Mountain (US)
1242,Utah,1902,2,Rocky Mountain (US)
1243,Utah,1906,0,Rocky Mountain (US)
1244,Utah,1908,2,Rocky Mountain (US)
1245,Utah,1912,0,Rocky Mountain (US)
1246,Utah,1914,3,Rocky Mountain (US)
1247,Utah,1916,1,Rocky Mountain (US)
1248,Utah,1918,1,Rocky Mountain (US)
1249,Utah,1920,4,Rocky Mountain (US)
1250,Utah,1922,5,Rocky Mountain (US)
1251,Utah,1924,3,Rocky Mountain (US)
1252,Utah,1926,4,Rocky Mountain (US)
1253,Utah,1928,3,Rocky Mountain (US)
1254,Utah,1930,5,Rocky Mountain (US)
1255,Utah,1932,5,Rocky Mountain (US)
1256,Utah,1934,9,Rocky Mountain (US)
1257,Utah,1936,4,Rocky Mountain (US)
1258,Utah,1938,6,Rocky Mountain (US)
1259,Utah,1940,10,Rocky Mountain (US)
1260,Vermont,1878,1,New England (US)
1261,Vermont,1880,3,New England (US)
1262,Vermont,1882,5,New England (US)
1263,Vermont,1884,1,New England (US)
1264,Vermont,1886,1,New England (US)
1265,Vermont,1888,1,New England (US)
1266,Vermont,1890,2,New England (US)
1267,Vermont,1892,4,New England (US)
1268,Vermont,1896,3,New England (US)
1269,Vermont,1900,2,New England (US)
1270,Vermont,1902,2,New England (US)
1271,Vermont,1906,2,New England (US)
1272,Vermont,1908,1,New England (US)
1273,Vermont,1912,0,New England (US)
1274,Vermont,1914,3,New England (US)
1275,Vermont,1916,0,New England (US)
1276,Vermont,1918,3,New England (US)
1277,Vermont,1920,1,New England (US)
1278,Vermont,1922,1,New England (US)
1279,Vermont,1924,1,New England (US)
1280,Vermont,1926,1,New England (US)
1281,Vermont,1928,1,New England (US)
1282,Vermont,1930,3,New England (US)
1283,Vermont,1932,1,New England (US)
1284,Vermont,1934,0,New England (US)
1285,Vermont,1936,1,New England (US)
1286,Vermont,1938,1,New England (US)
1287,Vermont,1940,1,New England (US)
1288,Virginia,1878,2,Southeast (US)
1289,Virginia,1880,3,Southeast (US)
1290,Virginia,1882,4,Southeast (US)
1291,Virginia,1884,7,Southeast (US)
1292,Virginia,1886,5,Southeast (US)
1293,Virginia,1888,4,Southeast (US)
1294,Virginia,1890,8,Southeast (US)
1295,Virginia,1892,9,Southeast (US)
1296,Virginia,1896,6,Southeast (US)
1297,Virginia,1900,5,Southeast (US)
1298,Virginia,1902,1,Southeast (US)
1299,Virginia,1906,5,Southeast (US)
1300,Virginia,1908,10,Southeast (US)
1301,Virginia,1912,8,Southeast (US)
1302,Virginia,1914,9,Southeast (US)
1303,Virginia,1916,9,Southeast (US)
1304,Virginia,1918,7,Southeast (US)
1305,Virginia,1920,2,Southeast (US)
1306,Virginia,1922,5,Southeast (US)
1307,Virginia,1924,7,Southeast (US)
1308,Virginia,1926,7,Southeast (US)
1309,Virginia,1928,8,Southeast (US)
1310,Virginia,1930,3,Southeast (US)
1311,Virginia,1932,9,Southeast (US)
1312,Virginia,1934,9,Southeast (US)
1313,Virginia,1936,2,Southeast (US)
1314,Virginia,1938,11,Southeast (US)
1315,Virginia,1940,5,Southeast (US)
1316,Washington,1878,0,Far West (US)
1317,Washington,1880,0,Far West (US)
1318,Washington,1882,0,Far West (US)
1319,Washington,1884,0,Far West (US)
1320,Washington,1886,0,Far West (US)
1321,Washington,1888,0,Far West (US)
1322,Washington,1890,0,Far West (US)
1323,Washington,1892,0,Far West (US)
1324,Washington,1896,0,Far West (US)
1325,Washington,1900,0,Far West (US)
1326,Washington,1902,1,Far West (US)
1327,Washington,1906,2,Far West (US)
1328,Washington,1908,1,Far West (US)
1329,Washington,1912,1,Far West (US)
1330,Washington,1914,5,Far West (US)
1331,Washington,1916,2,Far West (US)
1332,Washington,1918,0,Far West (US)
1333,Washington,1920,4,Far West (US)
1334,Washington,1922,0,Far West (US)
1335,Washington,1924,1,Far West (US)
1336,Washington,1926,5,Far West (US)
1337,Washington,1928,1,Far West (US)
1338,Washington,1930,4,Far West (US)
1339,Washington,1932,6,Far West (US)
1340,Washington,1934,6,Far West (US)
1341,Washington,1936,1,Far West (US)
1342,Washington,1938,3,Far West (US)
1343,Washington,1940,7,Far West (US)
1344,West Virginia,1878,0,Southeast (US)
1345,West Virginia,1880,0,Southeast (US)
1346,West Virginia,1882,1,Southeast (US)
1347,West Virginia,1884,3,Southeast (US)
1348,West Virginia,1886,1,Southeast (US)
1349,West Virginia,1888,0,Southeast (US)
1350,West Virginia,1890,4,Southeast (US)
1351,West Virginia,1892,7,Southeast (US)
1352,West Virginia,1896,1,Southeast (US)
1353,West Virginia,1900,2,Southeast (US)
1354,West Virginia,1902,6,Southeast (US)
1355,West Virginia,1906,4,Southeast (US)
1356,West Virginia,1908,2,Southeast (US)
1357,West Virginia,1912,3,Southeast (US)
1358,West Virginia,1914,4,Southeast (US)
1359,West Virginia,1916,3,Southeast (US)
1360,West Virginia,1918,0,Southeast (US)
1361,West Virginia,1920,3,Southeast (US)
1362,West Virginia,1922,8,Southeast (US)
1363,West Virginia,1924,4,Southeast (US)
1364,West Virginia,1926,6,Southeast (US)
1365,West Virginia,1928,4,Southeast (US)
1366,West Virginia,1930,3,Southeast (US)
1367,West Virginia,1932,12,Southeast (US)
1368,West Virginia,1934,5,Southeast (US)
1369,West Virginia,1936,4,Southeast (US)
1370,West Virginia,1938,9,Southeast (US)
1371,West Virginia,1940,8,Southeast (US)
1372,Wisconsin,1878,3,Great Lakes (US)
1373,Wisconsin,1880,3,Great Lakes (US)
1374,Wisconsin,1882,8,Great Lakes (US)
1375,Wisconsin,1884,11,Great Lakes (US)
1376,Wisconsin,1886,10,Great Lakes (US)
1377,Wisconsin,1888,13,Great Lakes (US)
1378,Wisconsin,1890,7,Great Lakes (US)
1379,Wisconsin,1892,20,Great Lakes (US)
1380,Wisconsin,1896,16,Great Lakes (US)
1381,Wisconsin,1900,6,Great Lakes (US)
1382,Wisconsin,1902,7,Great Lakes (US)
1383,Wisconsin,1906,5,Great Lakes (US)
1384,Wisconsin,1908,8,Great Lakes (US)
1385,Wisconsin,1912,11,Great Lakes (US)
1386,Wisconsin,1914,10,Great Lakes (US)
1387,Wisconsin,1916,5,Great Lakes (US)
1388,Wisconsin,1918,6,Great Lakes (US)
1389,Wisconsin,1920,4,Great Lakes (US)
1390,Wisconsin,1922,10,Great Lakes (US)
1391,Wisconsin,1924,8,Great Lakes (US)
1392,Wisconsin,1926,9,Great Lakes (US)
1393,Wisconsin,1928,8,Great Lakes (US)
1394,Wisconsin,1930,14,Great Lakes (US)
1395,Wisconsin,1932,14,Great Lakes (US)
1396,Wisconsin,1934,9,Great Lakes (US)
1397,Wisconsin,1936,7,Great Lakes (US)
1398,Wisconsin,1938,9,Great Lakes (US)
1399,Wisconsin,1940,10,Great Lakes (US)
1400,Wyoming,1878,0,Rocky Mountain (US)
1401,Wyoming,1880,0,Rocky Mountain (US)
1402,Wyoming,1882,0,Rocky Mountain (US)
1403,Wyoming,1884,1,Rocky Mountain (US)
1404,Wyoming,1886,0,Rocky Mountain (US)
1405,Wyoming,1888,1,Rocky Mountain (US)
1406,Wyoming,1890,1,Rocky Mountain (US)
1407,Wyoming,1892,0,Rocky Mountain (US)
1408,Wyoming,1896,0,Rocky Mountain (US)
1409,Wyoming,1900,0,Rocky Mountain (US)
1410,Wyoming,1902,0,Rocky Mountain (US)
1411,Wyoming,1906,0,Rocky Mountain (US)
1412,Wyoming,1908,2,Rocky Mountain (US)
1413,Wyoming,1912,2,Rocky Mountain (US)
1414,Wyoming,1914,7,Rocky Mountain (US)
1415,Wyoming,1916,1,Rocky Mountain (US)
1416,Wyoming,1918,9,Rocky Mountain (US)
1417,Wyoming,1920,2,Rocky Mountain (US)
1418,Wyoming,1922,1,Rocky Mountain (US)
1419,Wyoming,1924,5,Rocky Mountain (US)
1420,Wyoming,1926,5,Rocky Mountain (US)
1421,Wyoming,1928,1,Rocky Mountain (US)
1422,Wyoming,1930,9,Rocky Mountain (US)
1423,Wyoming,1932,11,Rocky Mountain (US)
1424,Wyoming,1934,8,Rocky Mountain (US)
1425,Wyoming,1936,9,Rocky Mountain (US)
1426,Wyoming,1938,7,Rocky Mountain (US)
1427,Wyoming,1940,9,Rocky Mountain (US)
